cycle	started	finished	status	warnings	crashes	exec_line
1	2026-08-10T21:19:12Z	2026-08-10T21:29:12Z	124	0	0	2026/08/10 21:29:03 candidates=0 corpus=223 coverage=25094 exec total=6855 (11/sec) pending=0 reproducing=0 
2	2026-08-10T21:29:12Z	2026-08-10T21:39:12Z	124	0	0	2026/08/10 21:39:04 candidates=0 corpus=174 coverage=23823 exec total=5957 (10/sec) pending=0 reproducing=0 
3	2026-08-10T21:39:12Z	2026-08-10T21:49:12Z	124	0	0	2026/08/10 21:49:04 candidates=0 corpus=205 coverage=24020 exec total=7023 (11/sec) pending=0 reproducing=0 
4	2026-08-10T21:49:12Z	2026-08-10T21:59:13Z	124	0	0	2026/08/10 21:59:04 candidates=0 corpus=182 coverage=23839 exec total=6539 (11/sec) pending=0 reproducing=0 
5	2026-08-10T21:59:13Z	2026-08-10T22:09:13Z	124	0	0	2026/08/10 22:09:04 candidates=0 corpus=164 coverage=23471 exec total=5211 (529/min) pending=0 reproducing=0 
6	2026-08-10T22:09:13Z	2026-08-10T22:19:13Z	124	0	0	2026/08/10 22:19:06 candidates=0 corpus=173 coverage=23441 exec total=5148 (521/min) pending=0 reproducing=0 
7	2026-08-10T22:19:13Z	2026-08-10T22:29:13Z	124	0	0	2026/08/10 22:29:05 candidates=0 corpus=177 coverage=23248 exec total=5995 (10/sec) pending=0 reproducing=0 
8	2026-08-10T22:29:13Z	2026-08-10T22:39:14Z	124	0	0	2026/08/10 22:39:05 candidates=0 corpus=165 coverage=23508 exec total=5064 (514/min) pending=0 reproducing=0 
9	2026-08-10T22:39:14Z	2026-08-10T22:49:15Z	124	0	0	2026/08/10 22:49:07 candidates=1 corpus=92 coverage=21757 exec total=2220 (225/min) pending=0 reproducing=0 
10	2026-08-10T22:49:15Z	2026-08-10T22:59:15Z	124	0	0	2026/08/10 22:59:10 candidates=0 corpus=170 coverage=23466 exec total=5257 (531/min) pending=0 reproducing=0 
11	2026-08-10T22:59:15Z	2026-08-10T23:09:15Z	124	0	0	2026/08/10 23:09:07 candidates=0 corpus=177 coverage=23789 exec total=5681 (576/min) pending=0 reproducing=0 
12	2026-08-10T23:09:15Z	2026-08-10T23:19:15Z	124	0	0	2026/08/10 23:19:07 candidates=0 corpus=176 coverage=23499 exec total=5732 (581/min) pending=0 reproducing=0 
13	2026-08-10T23:19:15Z	2026-08-10T23:29:16Z	124	0	0	2026/08/10 23:29:08 candidates=0 corpus=175 coverage=23510 exec total=5909 (598/min) pending=0 reproducing=0 
14	2026-08-10T23:29:16Z	2026-08-10T23:39:16Z	124	0	0	2026/08/10 23:39:08 candidates=0 corpus=171 coverage=23478 exec total=5629 (571/min) pending=0 reproducing=0 
15	2026-08-10T23:39:16Z	2026-08-10T23:49:16Z	124	0	0	2026/08/10 23:49:07 candidates=0 corpus=185 coverage=23757 exec total=6314 (10/sec) pending=0 reproducing=0 
16	2026-08-10T23:49:16Z	2026-08-10T23:59:16Z	124	0	0	2026/08/10 23:59:08 candidates=0 corpus=210 coverage=23910 exec total=7070 (11/sec) pending=0 reproducing=0 
17	2026-08-10T23:59:16Z	2026-08-11T00:09:16Z	124	0	0	2026/08/11 00:09:08 candidates=0 corpus=202 coverage=23782 exec total=6557 (11/sec) pending=0 reproducing=0 
18	2026-08-11T00:09:17Z	2026-08-11T00:19:17Z	124	0	0	2026/08/11 00:19:08 candidates=0 corpus=179 coverage=23516 exec total=5886 (597/min) pending=0 reproducing=0 
19	2026-08-11T00:19:17Z	2026-08-11T00:29:17Z	124	0	0	2026/08/11 00:29:08 candidates=0 corpus=206 coverage=24105 exec total=6636 (11/sec) pending=0 reproducing=0 
20	2026-08-11T00:29:17Z	2026-08-11T00:39:17Z	124	2	1	2026/08/11 00:39:08 candidates=0 corpus=172 coverage=23465 exec total=5553 (563/min) pending=0 reproducing=0 
